ordem,status,canal,tipo,titulo,arquivo_local,media_url_prevista,legenda,publish_at,fonte
1,PENDENTE_REVISAO,instagram,noticia_financiamento,MCMV: novas condições,C:\Users\Thiago Porto\imbiliaria-priscila\_marketing_ia\criativos\2026-07-03-pacote-instagram-make\automatico-3dias\01-mcmv-novas-condicoes.jpg,https://pvscelosimobiliaria.com/assets/marketing/instagram-2026-07-03/automatico-3dias/01-mcmv-novas-condicoes.jpg,"Financiamento muda a forma de olhar um imóvel. A CAIXA informou novas condições do Minha Casa, Minha Vida, com renda mensal de até R$ 13 mil e teto citado de até R$ 600 mil para a classe média. Antes de decidir, simule entrada, prazo e parcela.

Fonte: CAIXA Notícias, 17/04/2026, atualizada em 02/07/2026.

Priscila Vasconcelos | CRECI-BA 29.231",2026-07-03T08:45-03:00,https://caixanoticias.caixa.gov.br/Paginas/Not%C3%ADcias/2026/04-ABRIL/CAIXA-inicia-opera%C3%A7%C3%A3o-das-novas-condi%C3%A7%C3%B5es-do-Minha-Casa%2C-Minha-Vida-na-pr%C3%B3xima-quarta-feira-%2822%29.aspx
2,PENDENTE_REVISAO,instagram,noticia_juros,"Selic em 14,25%",C:\Users\Thiago Porto\imbiliaria-priscila\_marketing_ia\criativos\2026-07-03-pacote-instagram-make\automatico-3dias\02-selic-1425-criterio.jpg,https://pvscelosimobiliaria.com/assets/marketing/instagram-2026-07-03/automatico-3dias/02-selic-1425-criterio.jpg,"A Selic em 14,25% ao ano melhora o sinal, mas não elimina a necessidade de critério. Para comprar bem, compare entrada, prazo, parcela, renda e custo total.

Fonte: Agência Brasil, 17/06/2026.

Priscila Vasconcelos | CRECI-BA 29.231",2026-07-03T12:30-03:00,https://agenciabrasil.ebc.com.br/economia/noticia/2026-06/copom-reduz-taxa-selic-para-1425-ao-ano
3,PENDENTE_REVISAO,instagram,noticia_local,VDC em movimento,C:\Users\Thiago Porto\imbiliaria-priscila\_marketing_ia\criativos\2026-07-03-pacote-instagram-make\automatico-3dias\03-vdc-presidente-vargas.jpg,https://pvscelosimobiliaria.com/assets/marketing/instagram-2026-07-03/automatico-3dias/03-vdc-presidente-vargas.jpg,"Vitória da Conquista está sempre mudando, e a leitura de um imóvel passa também pelo entorno. A Prefeitura registrou avanço no recapeamento da Avenida Presidente Vargas em 01/07/2026.

Fonte: PMVC.

Priscila Vasconcelos | CRECI-BA 29.231",2026-07-03T19:30-03:00,https://www.pmvc.ba.gov.br/page/8/
4,PENDENTE_REVISAO,instagram,story_ia,Comprar com calma,C:\Users\Thiago Porto\imbiliaria-priscila\_marketing_ia\criativos\2026-07-03-pacote-instagram-make\automatico-3dias\04-story-comprar-com-calma.jpg,https://pvscelosimobiliaria.com/assets/marketing/instagram-2026-07-03/automatico-3dias/04-story-comprar-com-calma.jpg,Story: comprar com calma. CTA: fale com a Priscila para entender se faz sentido para você.,2026-07-04T08:45-03:00,"Imagem de fundo gerada por IA para uso editorial, sem simular imóvel real."
5,PENDENTE_REVISAO,instagram,avaliacao,Avaliação online,C:\Users\Thiago Porto\imbiliaria-priscila\_marketing_ia\criativos\2026-07-03-pacote-instagram-make\automatico-3dias\05-avaliacao-online-laudo.jpg,https://pvscelosimobiliaria.com/assets/marketing/instagram-2026-07-03/automatico-3dias/05-avaliacao-online-laudo.jpg,"Pensando em vender? Comece por uma estimativa inicial online. Ela ajuda a abrir a conversa com critério. Laudo formal é outro serviço, técnico e pago, quando necessário.

Priscila Vasconcelos | CRECI-BA 29.231",2026-07-04T12:30-03:00,Regra interna da sala de marketing da Priscila.
6,PENDENTE_REVISAO,instagram,crm_termometro,Termômetro da semana,C:\Users\Thiago Porto\imbiliaria-priscila\_marketing_ia\criativos\2026-07-03-pacote-instagram-make\automatico-3dias\06-termometro-semana.jpg,https://pvscelosimobiliaria.com/assets/marketing/instagram-2026-07-03/automatico-3dias/06-termometro-semana.jpg,"Termômetro interno da semana, sem dados pessoais: 71 leads no funil, 35 quentes e 26 novos contatos nos últimos 7 dias. Quando há demanda ativa, apresentação e resposta rápida importam.

Priscila Vasconcelos | CRECI-BA 29.231",2026-07-04T19:30-03:00,MCP Imobiliária Priscila
7,PENDENTE_REVISAO,instagram,bairro,Candeias no radar,C:\Users\Thiago Porto\imbiliaria-priscila\_marketing_ia\criativos\2026-07-03-pacote-instagram-make\automatico-3dias\07-candeias-no-radar.jpg,https://pvscelosimobiliaria.com/assets/marketing/instagram-2026-07-03/automatico-3dias/07-candeias-no-radar.jpg,"Candeias segue forte na carteira da Priscila: opções de apartamento e terreno, de R$ 500 mil a R$ 1,6 milhão nos imóveis ativos atuais. Fale com a Priscila para receber a ficha completa.

CRECI-BA 29.231",2026-07-05T08:45-03:00,MCP Imobiliária Priscila
8,PENDENTE_REVISAO,instagram,vendedor,Vender com critério,C:\Users\Thiago Porto\imbiliaria-priscila\_marketing_ia\criativos\2026-07-03-pacote-instagram-make\automatico-3dias\08-vender-com-criterio.jpg,https://pvscelosimobiliaria.com/assets/marketing/instagram-2026-07-03/automatico-3dias/08-vender-com-criterio.jpg,"Vender bem começa antes do anúncio: preço, fotos, descrição, documentação e estratégia precisam conversar. Fale com a Priscila para começar com uma avaliação inicial.",2026-07-05T12:30-03:00,Orientação interna
9,PENDENTE_REVISAO,instagram,fim_de_semana,Agenda de visitas,C:\Users\Thiago Porto\imbiliaria-priscila\_marketing_ia\criativos\2026-07-03-pacote-instagram-make\automatico-3dias\09-agenda-visitas-fim-de-semana.jpg,https://pvscelosimobiliaria.com/assets/marketing/instagram-2026-07-03/automatico-3dias/09-agenda-visitas-fim-de-semana.jpg,"Fim de semana é bom para visitar com calma. Defina faixa de valor, compare perfil e olhe além da foto: planta, entorno, manutenção e documentação.

Priscila Vasconcelos | CRECI-BA 29.231",2026-07-05T19:30-03:00,Orientação interna
