ordem,status,canal,tipo,titulo,arquivo_local,arquivos_publicos,media_url,media_urls,legenda,publish_at,fonte,slug
1,PENDENTE_REVISAO,instagram,post_imovel_card,Casa Caminho do Parque,C:\Users\Thiago Porto\imbiliaria-priscila\_marketing_ia\criativos\2026-07-03-pacote-instagram-make\cards-imoveis\01-casa-a-venda-caminho-do-parque-caminho-do-parque-bela-vista.jpg,C:\Users\Thiago Porto\imbiliaria-priscila\assets\marketing\instagram-2026-07-03\cards-imoveis\01-casa-a-venda-caminho-do-parque-caminho-do-parque-bela-vista.jpg,https://pvscelosimobiliaria.com/assets/marketing/instagram-2026-07-03/cards-imoveis/01-casa-a-venda-caminho-do-parque-caminho-do-parque-bela-vista.jpg,https://pvscelosimobiliaria.com/assets/marketing/instagram-2026-07-03/cards-imoveis/01-casa-a-venda-caminho-do-parque-caminho-do-parque-bela-vista.jpg,"Casa Caminho do Parque

Área gourmet, piscina aquecida e 3 suítes.

Valor: R$ 2.600.000

Fale com a Priscila para receber a ficha completa, fotos e disponibilidade atual.

Priscila Vasconcelos
CRECI-BA 29.231

#vitoriadaconquista #imoveisvdc #priscilavasconcelos",2026-07-03T12:30-03:00,,casa-a-venda-caminho-do-parque-caminho-do-parque-bela-vista
2,PENDENTE_REVISAO,instagram,post_imovel_card,Casa Parque dos Ipes I,C:\Users\Thiago Porto\imbiliaria-priscila\_marketing_ia\criativos\2026-07-03-pacote-instagram-make\cards-imoveis\02-casa-terrea-a-venda-parque-dos-ipes-i-boa-vista.jpg,C:\Users\Thiago Porto\imbiliaria-priscila\assets\marketing\instagram-2026-07-03\cards-imoveis\02-casa-terrea-a-venda-parque-dos-ipes-i-boa-vista.jpg,https://pvscelosimobiliaria.com/assets/marketing/instagram-2026-07-03/cards-imoveis/02-casa-terrea-a-venda-parque-dos-ipes-i-boa-vista.jpg,https://pvscelosimobiliaria.com/assets/marketing/instagram-2026-07-03/cards-imoveis/02-casa-terrea-a-venda-parque-dos-ipes-i-boa-vista.jpg,"Casa Parque dos Ipes I

Casa térrea com tecnologia, energia solar e automação.

Valor: R$ 2.000.000

Fale com a Priscila para receber a ficha completa, fotos e disponibilidade atual.

Priscila Vasconcelos
CRECI-BA 29.231

#vitoriadaconquista #imoveisvdc #priscilavasconcelos",2026-07-03T19:30-03:00,,casa-terrea-a-venda-parque-dos-ipes-i-boa-vista
3,PENDENTE_REVISAO,instagram,post_imovel_card,Casa Duplex Boa Vista,C:\Users\Thiago Porto\imbiliaria-priscila\_marketing_ia\criativos\2026-07-03-pacote-instagram-make\cards-imoveis\03-casa-duplex-a-venda-boa-vista.jpg,C:\Users\Thiago Porto\imbiliaria-priscila\assets\marketing\instagram-2026-07-03\cards-imoveis\03-casa-duplex-a-venda-boa-vista.jpg,https://pvscelosimobiliaria.com/assets/marketing/instagram-2026-07-03/cards-imoveis/03-casa-duplex-a-venda-boa-vista.jpg,https://pvscelosimobiliaria.com/assets/marketing/instagram-2026-07-03/cards-imoveis/03-casa-duplex-a-venda-boa-vista.jpg,"Casa Duplex Boa Vista

500 m2, lazer completo, energia solar e poco artesiano.

Valor: R$ 1.500.000

Fale com a Priscila para receber a ficha completa, fotos e disponibilidade atual.

Priscila Vasconcelos
CRECI-BA 29.231

#vitoriadaconquista #imoveisvdc #priscilavasconcelos",2026-07-04T12:30-03:00,,casa-duplex-a-venda-boa-vista
4,PENDENTE_REVISAO,instagram,post_imovel_card,Casa Alphaville I,C:\Users\Thiago Porto\imbiliaria-priscila\_marketing_ia\criativos\2026-07-03-pacote-instagram-make\cards-imoveis\04-casa-terrea-a-venda-alphaville-i-primavera.jpg,C:\Users\Thiago Porto\imbiliaria-priscila\assets\marketing\instagram-2026-07-03\cards-imoveis\04-casa-terrea-a-venda-alphaville-i-primavera.jpg,https://pvscelosimobiliaria.com/assets/marketing/instagram-2026-07-03/cards-imoveis/04-casa-terrea-a-venda-alphaville-i-primavera.jpg,https://pvscelosimobiliaria.com/assets/marketing/instagram-2026-07-03/cards-imoveis/04-casa-terrea-a-venda-alphaville-i-primavera.jpg,"Casa Alphaville I

Casa térrea de esquina com 4 suítes no Alphaville I.

Valor: R$ 1.420.000

Fale com a Priscila para receber a ficha completa, fotos e disponibilidade atual.

Priscila Vasconcelos
CRECI-BA 29.231

#vitoriadaconquista #imoveisvdc #priscilavasconcelos",2026-07-04T19:30-03:00,,casa-terrea-a-venda-alphaville-i-primavera
5,PENDENTE_REVISAO,instagram,post_imovel_card,Apartamento Mansao Joaquim Gusmao Sales,C:\Users\Thiago Porto\imbiliaria-priscila\_marketing_ia\criativos\2026-07-03-pacote-instagram-make\cards-imoveis\05-apartamento-a-venda-bairro-candeias-candeias.jpg,C:\Users\Thiago Porto\imbiliaria-priscila\assets\marketing\instagram-2026-07-03\cards-imoveis\05-apartamento-a-venda-bairro-candeias-candeias.jpg,https://pvscelosimobiliaria.com/assets/marketing/instagram-2026-07-03/cards-imoveis/05-apartamento-a-venda-bairro-candeias-candeias.jpg,https://pvscelosimobiliaria.com/assets/marketing/instagram-2026-07-03/cards-imoveis/05-apartamento-a-venda-bairro-candeias-candeias.jpg,"Apartamento Mansao Joaquim Gusmao Sales

172 m², 3 suítes, 3 vagas e lazer privativo.

Valor: R$ 1.600.000

Fale com a Priscila para receber a ficha completa, fotos e disponibilidade atual.

Priscila Vasconcelos
CRECI-BA 29.231

#vitoriadaconquista #imoveisvdc #priscilavasconcelos",2026-07-05T12:30-03:00,,apartamento-a-venda-bairro-candeias-candeias
6,PENDENTE_REVISAO,instagram,post_imovel_card,Apartamento Mansao Leonardo da Vinci,C:\Users\Thiago Porto\imbiliaria-priscila\_marketing_ia\criativos\2026-07-03-pacote-instagram-make\cards-imoveis\06-apartamento-a-venda-candeias.jpg,C:\Users\Thiago Porto\imbiliaria-priscila\assets\marketing\instagram-2026-07-03\cards-imoveis\06-apartamento-a-venda-candeias.jpg,https://pvscelosimobiliaria.com/assets/marketing/instagram-2026-07-03/cards-imoveis/06-apartamento-a-venda-candeias.jpg,https://pvscelosimobiliaria.com/assets/marketing/instagram-2026-07-03/cards-imoveis/06-apartamento-a-venda-candeias.jpg,"Apartamento Mansao Leonardo da Vinci

190 m², 4 suítes, 4 vagas e vista em Candeias.

Valor: R$ 1.300.000

Fale com a Priscila para receber a ficha completa, fotos e disponibilidade atual.

Priscila Vasconcelos
CRECI-BA 29.231

#vitoriadaconquista #imoveisvdc #priscilavasconcelos",2026-07-05T19:30-03:00,,apartamento-a-venda-candeias
7,PENDENTE_REVISAO,instagram,post_imovel_card,Casa Horto Premier,C:\Users\Thiago Porto\imbiliaria-priscila\_marketing_ia\criativos\2026-07-03-pacote-instagram-make\cards-imoveis\07-casa-terrea-a-venda-horto-premier-primavera.jpg,C:\Users\Thiago Porto\imbiliaria-priscila\assets\marketing\instagram-2026-07-03\cards-imoveis\07-casa-terrea-a-venda-horto-premier-primavera.jpg,https://pvscelosimobiliaria.com/assets/marketing/instagram-2026-07-03/cards-imoveis/07-casa-terrea-a-venda-horto-premier-primavera.jpg,https://pvscelosimobiliaria.com/assets/marketing/instagram-2026-07-03/cards-imoveis/07-casa-terrea-a-venda-horto-premier-primavera.jpg,"Casa Horto Premier

Casa térrea com 3 suítes em condomínio.

Valor: R$ 950.000

Fale com a Priscila para receber a ficha completa, fotos e disponibilidade atual.

Priscila Vasconcelos
CRECI-BA 29.231

#vitoriadaconquista #imoveisvdc #priscilavasconcelos",2026-07-06T12:30-03:00,,casa-terrea-a-venda-horto-premier-primavera
8,PENDENTE_REVISAO,instagram,post_imovel_card,Apartamento Maison du Soleil,C:\Users\Thiago Porto\imbiliaria-priscila\_marketing_ia\criativos\2026-07-03-pacote-instagram-make\cards-imoveis\08-apartamento-a-venda-bairro-candeias-candeias-2.jpg,C:\Users\Thiago Porto\imbiliaria-priscila\assets\marketing\instagram-2026-07-03\cards-imoveis\08-apartamento-a-venda-bairro-candeias-candeias-2.jpg,https://pvscelosimobiliaria.com/assets/marketing/instagram-2026-07-03/cards-imoveis/08-apartamento-a-venda-bairro-candeias-candeias-2.jpg,https://pvscelosimobiliaria.com/assets/marketing/instagram-2026-07-03/cards-imoveis/08-apartamento-a-venda-bairro-candeias-candeias-2.jpg,"Apartamento Maison du Soleil

105 m2, 3 quartos, 2 vagas e praticidade em Candeias.

Valor: R$ 500.000

Fale com a Priscila para receber a ficha completa, fotos e disponibilidade atual.

Priscila Vasconcelos
CRECI-BA 29.231

#vitoriadaconquista #imoveisvdc #priscilavasconcelos",2026-07-06T19:30-03:00,,apartamento-a-venda-bairro-candeias-candeias-2
9,PENDENTE_REVISAO,instagram,post_imovel_card,Terreno Av. Brasil,C:\Users\Thiago Porto\imbiliaria-priscila\_marketing_ia\criativos\2026-07-03-pacote-instagram-make\cards-imoveis\09-terreno-a-venda-av-brasil-candeias.jpg,C:\Users\Thiago Porto\imbiliaria-priscila\assets\marketing\instagram-2026-07-03\cards-imoveis\09-terreno-a-venda-av-brasil-candeias.jpg,https://pvscelosimobiliaria.com/assets/marketing/instagram-2026-07-03/cards-imoveis/09-terreno-a-venda-av-brasil-candeias.jpg,https://pvscelosimobiliaria.com/assets/marketing/instagram-2026-07-03/cards-imoveis/09-terreno-a-venda-av-brasil-candeias.jpg,"Terreno Av. Brasil

396 m2 em localizacao estrategica na Av. Brasil.

Valor: R$ 430.000

Fale com a Priscila para receber a ficha completa, fotos e disponibilidade atual.

Priscila Vasconcelos
CRECI-BA 29.231

#vitoriadaconquista #imoveisvdc #priscilavasconcelos",2026-07-07T12:30-03:00,,terreno-a-venda-av-brasil-candeias
10,PENDENTE_REVISAO,instagram,post_imovel_card,Terreno de esquina Haras Camping Club,C:\Users\Thiago Porto\imbiliaria-priscila\_marketing_ia\criativos\2026-07-03-pacote-instagram-make\cards-imoveis\10-terreno-de-esquina-a-venda-haras-camping-club-rodovia-conquista-ba-415-barra-do-choca.jpg,C:\Users\Thiago Porto\imbiliaria-priscila\assets\marketing\instagram-2026-07-03\cards-imoveis\10-terreno-de-esquina-a-venda-haras-camping-club-rodovia-conquista-ba-415-barra-do-choca.jpg,https://pvscelosimobiliaria.com/assets/marketing/instagram-2026-07-03/cards-imoveis/10-terreno-de-esquina-a-venda-haras-camping-club-rodovia-conquista-ba-415-barra-do-choca.jpg,https://pvscelosimobiliaria.com/assets/marketing/instagram-2026-07-03/cards-imoveis/10-terreno-de-esquina-a-venda-haras-camping-club-rodovia-conquista-ba-415-barra-do-choca.jpg,"Terreno de esquina Haras Camping Club

1.000 m2 de esquina para construir com liberdade.

Valor: R$ 290.000

Fale com a Priscila para receber a ficha completa, fotos e disponibilidade atual.

Priscila Vasconcelos
CRECI-BA 29.231

#vitoriadaconquista #imoveisvdc #priscilavasconcelos",2026-07-07T19:30-03:00,,terreno-de-esquina-a-venda-haras-camping-club-rodovia-conquista-ba-415-barra-do-choca
11,PENDENTE_REVISAO,instagram,post_imovel_card,Terreno Haras Camping Club,C:\Users\Thiago Porto\imbiliaria-priscila\_marketing_ia\criativos\2026-07-03-pacote-instagram-make\cards-imoveis\11-terreno-a-venda-haras-camping-club-rodovia-conquista-ba-415-barra-do-choca.jpg,C:\Users\Thiago Porto\imbiliaria-priscila\assets\marketing\instagram-2026-07-03\cards-imoveis\11-terreno-a-venda-haras-camping-club-rodovia-conquista-ba-415-barra-do-choca.jpg,https://pvscelosimobiliaria.com/assets/marketing/instagram-2026-07-03/cards-imoveis/11-terreno-a-venda-haras-camping-club-rodovia-conquista-ba-415-barra-do-choca.jpg,https://pvscelosimobiliaria.com/assets/marketing/instagram-2026-07-03/cards-imoveis/11-terreno-a-venda-haras-camping-club-rodovia-conquista-ba-415-barra-do-choca.jpg,"Terreno Haras Camping Club

1.022 m2, nascente e final de rua.

Valor: R$ 210.000

Fale com a Priscila para receber a ficha completa, fotos e disponibilidade atual.

Priscila Vasconcelos
CRECI-BA 29.231

#vitoriadaconquista #imoveisvdc #priscilavasconcelos",2026-07-08T12:30-03:00,,terreno-a-venda-haras-camping-club-rodovia-conquista-ba-415-barra-do-choca
12,PENDENTE_REVISAO,instagram,post_imovel_card,Ponto Comercial Multiplace,C:\Users\Thiago Porto\imbiliaria-priscila\_marketing_ia\criativos\2026-07-03-pacote-instagram-make\cards-imoveis\12-ponto-comercial-multiplace-para-locacao-felicia.jpg,C:\Users\Thiago Porto\imbiliaria-priscila\assets\marketing\instagram-2026-07-03\cards-imoveis\12-ponto-comercial-multiplace-para-locacao-felicia.jpg,https://pvscelosimobiliaria.com/assets/marketing/instagram-2026-07-03/cards-imoveis/12-ponto-comercial-multiplace-para-locacao-felicia.jpg,https://pvscelosimobiliaria.com/assets/marketing/instagram-2026-07-03/cards-imoveis/12-ponto-comercial-multiplace-para-locacao-felicia.jpg,"Ponto Comercial Multiplace

81 m² ao lado do Shopping Conquista Sul.

Aluguel: R$ 6.500 / mes

Fale com a Priscila para receber a ficha completa, fotos e disponibilidade atual.

Priscila Vasconcelos
CRECI-BA 29.231

#vitoriadaconquista #imoveisvdc #priscilavasconcelos",2026-07-08T19:30-03:00,,ponto-comercial-multiplace-para-locacao-felicia
13,PENDENTE_REVISAO,instagram,carrossel_imovel,Carrossel - Casa Caminho do Parque,C:\Users\Thiago Porto\imbiliaria-priscila\_marketing_ia\criativos\2026-07-03-pacote-instagram-make\carrosseis\casa-a-venda-caminho-do-parque-caminho-do-parque-bela-vista\01-capa.jpg,C:\Users\Thiago Porto\imbiliaria-priscila\assets\marketing\instagram-2026-07-03\carrosseis\casa-a-venda-caminho-do-parque-caminho-do-parque-bela-vista\01-capa.jpg;C:\Users\Thiago Porto\imbiliaria-priscila\assets\marketing\instagram-2026-07-03\carrosseis\casa-a-venda-caminho-do-parque-caminho-do-parque-bela-vista\02-contexto.jpg;C:\Users\Thiago Porto\imbiliaria-priscila\assets\marketing\instagram-2026-07-03\carrosseis\casa-a-venda-caminho-do-parque-caminho-do-parque-bela-vista\03-dados.jpg;C:\Users\Thiago Porto\imbiliaria-priscila\assets\marketing\instagram-2026-07-03\carrosseis\casa-a-venda-caminho-do-parque-caminho-do-parque-bela-vista\04-perfil.jpg;C:\Users\Thiago Porto\imbiliaria-priscila\assets\marketing\instagram-2026-07-03\carrosseis\casa-a-venda-caminho-do-parque-caminho-do-parque-bela-vista\05-cta.jpg,https://pvscelosimobiliaria.com/assets/marketing/instagram-2026-07-03/carrosseis/casa-a-venda-caminho-do-parque-caminho-do-parque-bela-vista/01-capa.jpg,https://pvscelosimobiliaria.com/assets/marketing/instagram-2026-07-03/carrosseis/casa-a-venda-caminho-do-parque-caminho-do-parque-bela-vista/01-capa.jpg;https://pvscelosimobiliaria.com/assets/marketing/instagram-2026-07-03/carrosseis/casa-a-venda-caminho-do-parque-caminho-do-parque-bela-vista/02-contexto.jpg;https://pvscelosimobiliaria.com/assets/marketing/instagram-2026-07-03/carrosseis/casa-a-venda-caminho-do-parque-caminho-do-parque-bela-vista/03-dados.jpg;https://pvscelosimobiliaria.com/assets/marketing/instagram-2026-07-03/carrosseis/casa-a-venda-caminho-do-parque-caminho-do-parque-bela-vista/04-perfil.jpg;https://pvscelosimobiliaria.com/assets/marketing/instagram-2026-07-03/carrosseis/casa-a-venda-caminho-do-parque-caminho-do-parque-bela-vista/05-cta.jpg,"Casa Caminho do Parque em destaque.

Área gourmet, piscina aquecida e 3 suítes.

Arraste para ver os pontos principais e fale com a Priscila para receber a ficha completa.

Priscila Vasconcelos | CRECI-BA 29.231",2026-07-09T12:30-03:00,,casa-a-venda-caminho-do-parque-caminho-do-parque-bela-vista
14,PENDENTE_REVISAO,instagram,carrossel_imovel,Carrossel - Casa Parque dos Ipes I,C:\Users\Thiago Porto\imbiliaria-priscila\_marketing_ia\criativos\2026-07-03-pacote-instagram-make\carrosseis\casa-terrea-a-venda-parque-dos-ipes-i-boa-vista\01-capa.jpg,C:\Users\Thiago Porto\imbiliaria-priscila\assets\marketing\instagram-2026-07-03\carrosseis\casa-terrea-a-venda-parque-dos-ipes-i-boa-vista\01-capa.jpg;C:\Users\Thiago Porto\imbiliaria-priscila\assets\marketing\instagram-2026-07-03\carrosseis\casa-terrea-a-venda-parque-dos-ipes-i-boa-vista\02-contexto.jpg;C:\Users\Thiago Porto\imbiliaria-priscila\assets\marketing\instagram-2026-07-03\carrosseis\casa-terrea-a-venda-parque-dos-ipes-i-boa-vista\03-dados.jpg;C:\Users\Thiago Porto\imbiliaria-priscila\assets\marketing\instagram-2026-07-03\carrosseis\casa-terrea-a-venda-parque-dos-ipes-i-boa-vista\04-perfil.jpg;C:\Users\Thiago Porto\imbiliaria-priscila\assets\marketing\instagram-2026-07-03\carrosseis\casa-terrea-a-venda-parque-dos-ipes-i-boa-vista\05-cta.jpg,https://pvscelosimobiliaria.com/assets/marketing/instagram-2026-07-03/carrosseis/casa-terrea-a-venda-parque-dos-ipes-i-boa-vista/01-capa.jpg,https://pvscelosimobiliaria.com/assets/marketing/instagram-2026-07-03/carrosseis/casa-terrea-a-venda-parque-dos-ipes-i-boa-vista/01-capa.jpg;https://pvscelosimobiliaria.com/assets/marketing/instagram-2026-07-03/carrosseis/casa-terrea-a-venda-parque-dos-ipes-i-boa-vista/02-contexto.jpg;https://pvscelosimobiliaria.com/assets/marketing/instagram-2026-07-03/carrosseis/casa-terrea-a-venda-parque-dos-ipes-i-boa-vista/03-dados.jpg;https://pvscelosimobiliaria.com/assets/marketing/instagram-2026-07-03/carrosseis/casa-terrea-a-venda-parque-dos-ipes-i-boa-vista/04-perfil.jpg;https://pvscelosimobiliaria.com/assets/marketing/instagram-2026-07-03/carrosseis/casa-terrea-a-venda-parque-dos-ipes-i-boa-vista/05-cta.jpg,"Casa Parque dos Ipes I em destaque.

Casa térrea com tecnologia, energia solar e automação.

Arraste para ver os pontos principais e fale com a Priscila para receber a ficha completa.

Priscila Vasconcelos | CRECI-BA 29.231",2026-07-09T19:30-03:00,,casa-terrea-a-venda-parque-dos-ipes-i-boa-vista
15,PENDENTE_REVISAO,instagram,carrossel_imovel,Carrossel - Casa Duplex Boa Vista,C:\Users\Thiago Porto\imbiliaria-priscila\_marketing_ia\criativos\2026-07-03-pacote-instagram-make\carrosseis\casa-duplex-a-venda-boa-vista\01-capa.jpg,C:\Users\Thiago Porto\imbiliaria-priscila\assets\marketing\instagram-2026-07-03\carrosseis\casa-duplex-a-venda-boa-vista\01-capa.jpg;C:\Users\Thiago Porto\imbiliaria-priscila\assets\marketing\instagram-2026-07-03\carrosseis\casa-duplex-a-venda-boa-vista\02-contexto.jpg;C:\Users\Thiago Porto\imbiliaria-priscila\assets\marketing\instagram-2026-07-03\carrosseis\casa-duplex-a-venda-boa-vista\03-dados.jpg;C:\Users\Thiago Porto\imbiliaria-priscila\assets\marketing\instagram-2026-07-03\carrosseis\casa-duplex-a-venda-boa-vista\04-perfil.jpg;C:\Users\Thiago Porto\imbiliaria-priscila\assets\marketing\instagram-2026-07-03\carrosseis\casa-duplex-a-venda-boa-vista\05-cta.jpg,https://pvscelosimobiliaria.com/assets/marketing/instagram-2026-07-03/carrosseis/casa-duplex-a-venda-boa-vista/01-capa.jpg,https://pvscelosimobiliaria.com/assets/marketing/instagram-2026-07-03/carrosseis/casa-duplex-a-venda-boa-vista/01-capa.jpg;https://pvscelosimobiliaria.com/assets/marketing/instagram-2026-07-03/carrosseis/casa-duplex-a-venda-boa-vista/02-contexto.jpg;https://pvscelosimobiliaria.com/assets/marketing/instagram-2026-07-03/carrosseis/casa-duplex-a-venda-boa-vista/03-dados.jpg;https://pvscelosimobiliaria.com/assets/marketing/instagram-2026-07-03/carrosseis/casa-duplex-a-venda-boa-vista/04-perfil.jpg;https://pvscelosimobiliaria.com/assets/marketing/instagram-2026-07-03/carrosseis/casa-duplex-a-venda-boa-vista/05-cta.jpg,"Casa Duplex Boa Vista em destaque.

500 m2, lazer completo, energia solar e poco artesiano.

Arraste para ver os pontos principais e fale com a Priscila para receber a ficha completa.

Priscila Vasconcelos | CRECI-BA 29.231",2026-07-10T12:30-03:00,,casa-duplex-a-venda-boa-vista
16,PENDENTE_REVISAO,instagram,noticia_card,FGTS e MCMV no radar,C:\Users\Thiago Porto\imbiliaria-priscila\_marketing_ia\criativos\2026-07-03-pacote-instagram-make\noticias\01-fgts-mcmv-radar.jpg,C:\Users\Thiago Porto\imbiliaria-priscila\assets\marketing\instagram-2026-07-03\noticias\01-fgts-mcmv-radar.jpg,https://pvscelosimobiliaria.com/assets/marketing/instagram-2026-07-03/noticias/01-fgts-mcmv-radar.jpg,https://pvscelosimobiliaria.com/assets/marketing/instagram-2026-07-03/noticias/01-fgts-mcmv-radar.jpg,"Notícia para acompanhar: o FGTS estuda ajustes no Minha Casa Minha Vida para ampliar poder de compra em algumas faixas.

Ainda não é regra aprovada. Para quem está comprando em Vitória da Conquista, o ponto é simples: simule antes, compare cenários e evite decidir só pelo valor da parcela.

Fonte: ABECIP, 30/06/2026.

Priscila Vasconcelos | CRECI-BA 29.231",2026-07-10T19:30-03:00,https://www.abecip.org.br/imprensa/noticias/fgts-estuda-reduzir-juros-do-mcmv-para-ampliar-poder-de-compra-metro-quadrado,
17,PENDENTE_REVISAO,instagram,infografico_funil,Termometro local,C:\Users\Thiago Porto\imbiliaria-priscila\_marketing_ia\criativos\2026-07-03-pacote-instagram-make\noticias\02-termometro-local-crm.jpg,C:\Users\Thiago Porto\imbiliaria-priscila\assets\marketing\instagram-2026-07-03\noticias\02-termometro-local-crm.jpg,https://pvscelosimobiliaria.com/assets/marketing/instagram-2026-07-03/noticias/02-termometro-local-crm.jpg,https://pvscelosimobiliaria.com/assets/marketing/instagram-2026-07-03/noticias/02-termometro-local-crm.jpg,"Termometro local da semana, sem expor dados pessoais:

71 leads no funil
35 leads quentes
26 novos contatos nos últimos 7 dias

Quando há demanda ativa, o imóvel bem apresentado ganha força. Fale com a Priscila para comprar, vender ou avaliar com critério.

Priscila Vasconcelos | CRECI-BA 29.231",2026-07-11T12:30-03:00,MCP Imobiliaria Priscila,
18,PENDENTE_REVISAO,instagram,story_noticia,Comprar com critério,C:\Users\Thiago Porto\imbiliaria-priscila\_marketing_ia\criativos\2026-07-03-pacote-instagram-make\noticias\03-comprar-com-criterio-story.jpg,C:\Users\Thiago Porto\imbiliaria-priscila\assets\marketing\instagram-2026-07-03\noticias\03-comprar-com-criterio-story.jpg,https://pvscelosimobiliaria.com/assets/marketing/instagram-2026-07-03/noticias/03-comprar-com-criterio-story.jpg,https://pvscelosimobiliaria.com/assets/marketing/instagram-2026-07-03/noticias/03-comprar-com-criterio-story.jpg,"Comprar bem é uma decisão de critério: simular, conferir documentação e visitar com calma.

Fale com a Priscila para entender qual imóvel faz sentido para o seu momento.

Priscila Vasconcelos | CRECI-BA 29.231",2026-07-11T19:30-03:00,Orientação interna,
